NOME;VULNERABILIDADE;LOCALIZA??O;UHS MAPEADAS;TIPOLOGIA;TIPO ASSENTAMENTO;ANO OCUPA??O DOCUMENTADO;ANO OCUPA??O ENTREVISTA;ZONEAMENTO;GRAVAMES JUDICIAIS;INTERVEN??O - PROGRAMA;UNIDADES CADASTRADAS;INTERVER??O - ESTAGIO;MANANCIAL;FEI??O MORFOLOGICA;
JARDIM VALE DO SOL;BAIXA;B. BATISTINI;55;5;Loteamento Irregular;1994;1993;MMS / ARA 1;Nada consta;Sem previs„o de atendimento neste PPA;null;Sem previs„o de atendimento neste PPA;SIM ;MORRO BAIXO;
SITIO BOM JESUS;ALTA;B. DOS ALVARENGA;null;6;Favela;1985;1985;MURE / ARA 1;Nada consta;UrbanizaÁ„o e RegularizaÁ„o de Assentamentos Prec·rios;751;AÁıes em andamento;SIM ;null;
REPRESA BARALDI;MUITO ALTA;B.MONTANH√ø¬øO;null;4;Favela;null;1990;MMS / ARA 1;Nada consta;Sem previs„o de atendimento neste PPA;36;AÁıes em andamento;SIM ;MORRO BAIXO;
JARDIM VIDA NOVA;BAIXA;B. DOS ALVARENGA;269;5;Loteamento Irregular;null;1993;MMS / ARA 1;ACP 2099/97;Sem previs„o de atendimento neste PPA;null;Sem previs„o de atendimento neste PPA;SIM ;PLANICIE ALUVIAL;
JARDIM IPE;MUITO ALTA;B. DOS CASA;null;6;Favela;null;1978;MURE / ARA 1;Nada consta;UrbanizaÁ„o e RegularizaÁ„o de Assentamentos Prec·rios;797;AÁıes em andamento;SIM ;null;
JARDIM SATELITE;NENHUMA;B. COOPERATIVA;null;1;Loteamento Irregular;1991;1999;MUC / ZUD 1;ACP 3190/02;Sem previs„o de atendimento neste PPA;196;REGULARIZADO;NAO ;COLINA;
JARDIM SILVINA AUDI;MUITO ALTA;B. MONTANH√øO;null;6;Favela Parcialmente Urbanizada;null;1978;MUC / ZUD 1;Nada consta;UrbanizaÁ„o e RegularizaÁ„o de Assentamentos Prec·rios/ ReduÁ„o de Risco e AÁıes Emergenciais;3110;AÁıes em andamento;NAO ;MORRO ALTO;
R. CEARA MIRIM / PQ. IMIGRANTES;M…DIA;PQ. IMIGRANTES              ;null;6;Favela;1989;1947;MMS / ARA 1;Nada consta;UrbanizaÁ„o e RegularizaÁ„o de Assentamentos Prec·rios;51;AÁıes em andamento;SIM ;MORRO BAIXO;
CONJUNTO HABITACIONAL VL. ESPERANCA 1a ETAPA;BAIXA;B. MONTANH√ø¬øO;null;3;Favela;null;null;MUC / ZUD 1;Nada consta;RegularizaÁ„o Fundi·ria;80;AÁıes em andamento;null;null;
CONJUNTO HABITACIONAL TRANSMISSAO MERCEDES;BAIXA;B. PAULIC√ø¬øIA;null;3;Conjunto Habitacional Irregular;null;null;MUC / ZUD 1;Nada consta;Sem previs„o de atendimento neste PPA;128;AÁıes em andamento;null;null;
ESTRADA COOPERATIVA I e II;MUITO BAIXA;B. ALVES DIAS ;22;1;Favela Urbanizada;null;1960;MUC / ZUD 1;Nada consta;Sem previs„o de atendimento neste PPA;null;AÁıes em andamento;NAO ;COLINA;
RUA CARMEM MIRANDA/JD. REPRESA;M…DIA;JD. REPRESA               ;null;6;Favela;null;1980;MMS / ARA 1;Nada consta;UrbanizaÁ„o e RegularizaÁ„o de Assentamentos Prec·rios;26;AÁıes em andamento;SIM ;COLINA;
CASAS FORTALEZA;M…DIA;B. DOS ALVARENGA;107;6;Favela;1996;null;MMS / ARA 1;Nada consta;Sem previs„o de atendimento neste PPA;null;Sem previs„o de atendimento neste PPA;SIM ;MORRO BAIXO;
JARDIM ALVORADA;M…DIA;B. DOS CASA;111;5;Loteamento Irregular;1991;1990;MURE / ARA 1;Nada consta;Sem previs„o de atendimento neste PPA;null;Sem previs„o de atendimento neste PPA;SIM ;MORRO BAIXO;
ESTRADA DO MONTANHAO;M…DIA;B. MONTANH√ø¬ø√ø¬øO;1944;6;Favela;null;1988;MUC / ZUD 1;Nada consta;Sem previs„o de atendimento neste PPA;null;PMRR: Recursos Contratados;NAO ;MORRO ALTO;
PARQUE SAO BERNARDO;MUITO ALTA;B. MONTANH√ø¬øO;null;6;Favela Parcialmente Urbanizada;null;1968;MUC / ZUD 1;Nada consta;UrbanizaÁ„o e RegularizaÁ„o de Assentamentos Prec·rios;2164;AÁıes em andamento;NAO ;null;
EST. GALVAO BUENO, 8.254/ JD. REPRESA;M…DIA;JD. REPRESA               ;null;6;Favela;null;1970;MMS / ARA 1;Nada consta;UrbanizaÁ„o e RegularizaÁ„o de Assentamentos Prec·rios;57;AÁıes em andamento;SIM ;MARGEM DE CORREGO;
VICTOR BRECHERET/JD. REPRESA;MUITO ALTA;JD. REPRESA               ;null;6;Favela;1989;1954;MMS / ARA 1;Nada consta;UrbanizaÁ„o e RegularizaÁ„o de Assentamentos Prec·rios;817;AÁıes em andamento;SIM ;MORRO BAIXO;
ASSOCIACAO PRO MORADIA SONHO REAL;BAIXA;B. DOS FINCO;80;5;Loteamento Irregular;1993;1990;MMS / ARA 1;ACP 637/99;Sem previs„o de atendimento neste PPA;null;Sem previs„o de atendimento neste PPA;SIM ;MORRO BAIXO;
SHIMIT CANAL;M…DIA;B. RIO PEQUENO;24;4;Favela;null;1953;MPA / ARO ;Nada consta;Sem previs„o de atendimento neste PPA;null;Sem previs„o de atendimento neste PPA;SIM ;PLANICIE ALUVIAL/ MARGEM DE CORREGO/ MORRO BAIXO;
RUA NAVAL;MUITO ALTA;B. PAULICEIA;207;4;Favela;null;null;MUC / ZER 1;Nada consta;UrbanizaÁ„o e RegularizaÁ„o de Assentamentos Prec·rios;null;REGULARIZADO;NAO ;null;
VILA VITORIA;M…DIA;B. DOS CASA;589;5;Loteamento Irregular;1989;1989;MURE / ARA 1;ACP 1064/93;Sem previs„o de atendimento neste PPA;null;Sem previs„o de atendimento neste PPA;SIM ;MORRO BAIXO;
JARDIM NOVO HORIZONTE/FERRAZOPOLIS;M…DIA;B. FERRAZOPOLIS;null;1;Loteamento Irregular;1992;1996;MUC / ZUD 1;Nada consta;RegularizaÁ„o Fundi·ria;184;REGULARIZADO;NAO ;MORROTE;
BIQUINHA;MUITO ALTA;B. MONTANH√øO;459;6;Favela;null;1980;MUC / ZUD 1;Nada consta;ReduÁ„o de Risco e AÁıes Emergenciais;null;AÁıes em andamento;NAO ;MORRO ALTO;
JARDIM ICARAI;BAIXA;B. RIACHO GRANDE;29;5;Favela;null;1970;MMS / ARA 1;Nada consta;Sem previs„o de atendimento neste PPA;null;Sem previs„o de atendimento neste PPA;SIM ;FUNDO DE VALE/ MARGEM DE CORREGO;
ASSOCIACAO COMUNITARIA UNIDOS PRO TERRA;BAIXA;B. DOS CASA;129;5;Loteamento Irregular;1990;1990;MURE / ARA 1;Nada consta;Sem previs„o de atendimento neste PPA;null;Sem previs„o de atendimento neste PPA;SIM ;MARGEM DE CORREGO/ COLINA;
NOVO JARDIM DO LAGO;M…DIA;B. DOS CASA;null;5;Favela;1995;1990;MURE / ARA 1;ACP 230/99;RegularizaÁ„o Fundi·ria;97;AÁıes em andamento;SIM ;MORROTE;
EDGARD YAMAGUISHI;BAIXA;B. BATISTINI;24;1;Loteamento Irregular;null;1993;MMS / ARA 1;Nada consta;Sem previs„o de atendimento neste PPA;null;Sem previs„o de atendimento neste PPA;SIM ;MORRO BAIXO;
JARDIM LAURA  (FAVELA);MUITO ALTA;B. DOS ALVARENGA;701;6;Favela;null;1988;MMS / ARA 1;ACP 1824/05;ReduÁ„o de Risco e AÁıes Emergenciais;null;PMRR: AÁ„o concluÌda;SIM ;MORRO BAIXO/ MARGEM DE CORREGO;
VILA PELE;BAIXA;B. RIACHO GRANDE;235;2;Favela Urbanizada;1980;1970;MMS / ARA 1;Nada consta;Sem previs„o de atendimento neste PPA;null;Sem previs„o de atendimento neste PPA;SIM ;MORRO BAIXO/ MARGEM DE CORREGO;
EST. RIO ACIMA 5.850 - CAMPINHO;ALTA;R. GRANDE;33;4;Favela;null;1960;MMS / ARA 1;Nada consta;Sem previs„o de atendimento neste PPA;null;Sem previs„o de atendimento neste PPA;SIM ;COLINA;
CHACARAS CAPIVARI;ALTA;Capivari ;91;6;Loteamento Irregular;1995;1960;MMS / ARA 1;Nada consta;Sem previs„o de atendimento neste PPA;null;Sem previs„o de atendimento neste PPA;SIM ;COLINA E MARGEM DE C√ø¬øRREGO;
RUA GOIANIA/PQ. IMIGRANTES;M…DIA;PQ. IMIGRANTES              ;null;6;Favela;1989;1947;MMS / ARA 1;Nada consta;UrbanizaÁ„o e RegularizaÁ„o de Assentamentos Prec·rios;107;AÁıes em andamento (Projeto executivo em elaboraÁ„o);SIM ;MORRO BAIXO E FUNDO DE VALE;
VILA 13 DE MAIO;NENHUMA;B. MONTANH√øO;null;1;Favela Urbanizada;1995;1993;MUC / ZUD 1;Nada consta;RegularizaÁ„o Fundi·ria;159;REGULARIZADO;NAO ;FUNDO DE VALE/ MARGEM DE CORREGO;
TATETOS;SELECIONE;B. TATETOS;526;8;Loteamento Irregular;null;null;MMS / ARA 1;Nada consta;Sem previs„o de atendimento neste PPA;null;Demanda de elaboraÁ„o de projeto aprovada no OP 2012;SIM ;COLINA/ MORRO BAIXO;
TAQUACETUBA;SELECIONE;B. TAQUACETUBA;145;9;Loteamento Irregular;null;null;MMS / ARA 1;Nada consta;Sem previs„o de atendimento neste PPA;null;Sem previs„o de atendimento neste PPA;SIM ;COLINA;
JARDIM ESMERALDA;MUITO ALTA;B. COOPERATIVA;null;6;Favela;null;null;MUC / ZUD 1;Nada consta;UrbanizaÁ„o e RegularizaÁ„o de Assentamentos Prec·rios;466;AÁıes em andamento;NAO ;null;
GROTAO;MUITO ALTA;B. MONTANHAO;0;6;Favela;null;null;MUC / ZUD 1;Nada consta;Sem previs„o de atendimento neste PPA;218;Demanda de elaboraÁ„o de projeto aprovada no OP 2012;NAO ;null;
RUA AMAZONAS/SARACANTAN;MUITO ALTA;B. MONTANH√øO;null;6;Loteamento Irregular;null;null;MUC / ZUD 1;Nada consta;UrbanizaÁ„o e RegularizaÁ„o de Assentamentos Prec·rios;1351;AÁıes em andamento;NAO ;null;
VILA PROGRESSO;M…DIA;B. BAETA NEVES;null;2;Favela Urbanizada;1990;1990;MUC / ZUD 1;Nada consta;RegularizaÁ„o Fundi·ria;350;AÁıes em andamento;NAO ;MORROTE;
ESTRADA ASSUMPTA SABATINI ROSSI;MUITO BAIXA;B. BATISTINI;18;5;Favela;null;1997;MURE / ARA 1;Nada consta;Sem previs„o de atendimento neste PPA;null;Sem previs„o de atendimento neste PPA;SIM ;COLINA;
JARDIM SKAFF/ OCUPACAO;MUITO ALTA;B. BATISTINI;159;4;Favela;1998;1958;MURE / ARA 1;REINTEGRA√ø¬ø√ø¬øO DE POSSE;Sem previs„o de atendimento neste PPA;null;AÁıes em andamento;SIM ;MORRO BAIXO;
JARDIM NOVA PATENTE;M…DIA;B. DOS ALVARENGA;222;5;Loteamento Irregular;1992;2000;MURE / ARA 1;ACP 945/93;Sem previs„o de atendimento neste PPA;null;Sem previs„o de atendimento neste PPA;SIM ;MORRO BAIXO;
JUSSARA;BAIXA;B. BOTUJURU;null;5;Loteamento Irregular;1958;1940;MMS / ARA 1;TAC ACP 2273/97;Sem previs„o de atendimento neste PPA;271;AÁıes em andamento;SIM ;MARGEM DE CORREGO;
CONJUNTO HABITACIONAL SILVINA/ OLEODUTO 2a ETAPA;SELECIONE;B.MONTANH√øO;null;3;Conjunto Habitacional Irregular;null;null;MUC / ZUD 1;Nada consta;RegularizaÁ„o Fundi·ria;532;REGULARIZADO;null;null;
CONJUNTO HABITACIONAL LAVINIA - 1a. Etapa;SELECIONE;B. ASSUN√ø√øO;null;3;Conjunto Habitacional Irregular;null;null;MUC / ZUD 1;Nada consta;RegularizaÁ„o Fundi·ria;516;AÁıes em andamento;null;null;
VILA MARIANA;M…DIA;B. MONTANH√øO;null;1;Favela Urbanizada;null;null;MUC / ZUD 1;Nada consta;RegularizaÁ„o Fundi·ria;492;AÁıes em andamento;NAO ;MORRO ALTO/ PLANICIE ALUVIAL;
OLARIA;BAIXA;B. BAETA NEVES;10;4;Favela;null;1979;MUC / ZUD 1;Nada consta;Sem previs„o de atendimento neste PPA;null;Sem previs„o de atendimento neste PPA;NAO ;COLINA;
NOVA VILA SALVADOR ARENA (ITATIBA);NENHUMA;B. BAETA NEVES;null;3;Favela Urbanizada;null;null;MUC / ZUD 1;Nada consta;RegularizaÁ„o Fundi·ria;167;REGULARIZADO;null;null;
CONJUNTO HABITACIONAL BILLINGS;NENHUMA;MONTANH√øO;null;3;Conjunto Habitacional Irregular;null;null;MUC / ZUD 1;Nada consta;RegularizaÁ„o Fundi·ria;160;REGULARIZADO;null;null;
VILA FERREIRA - CDHU;BAIXA;B. ALVES DIAS;null;3;Conjunto Habitacional Irregular;null;null;MUC / ZUD 1;Nada consta;Sem previs„o de atendimento neste PPA;588;Sem previs„o de atendimento neste PPA;null;null;
GRANJA ITO;BAIXA;B. ALVES DIAS;null;3;Conjunto Habitacional Irregular;null;null;MUC / ZUD 1;Nada consta;Sem previs„o de atendimento neste PPA;400;AÁıes em andamento;null;null;
DER - CDHU;BAIXA;CENTRO;null;3;Conjunto Habitacional Irregular;null;null;MUC / ZUD 1;Nada consta;Sem previs„o de atendimento neste PPA;579;AÁıes em andamento;null;null;
RIO ACIMA 1;ALTA;B. CAPIVARI;17;7;Favela;null;null;MMS / ARA 1;Nada consta;Sem previs„o de atendimento neste PPA;null;AÁıes em andamento;SIM ;PLANICIE ALUVIAL;
RIO ACIMA 2;ALTA;B. CAPIVARI;51;8;Favela;null;null;MMS / ARA 1;ACP 790/11;Sem previs„o de atendimento neste PPA;null;Demanda de elaboraÁ„o de projeto aprovada no OP 2012;SIM ;COLINA;
JARDIM SILVINA OLEODUTO 2a ETAPA;MUITO BAIXA;B. MONTANH√øO;null;3;Conjunto Habitacional Irregular;null;null;MUC / ZUD 1;Nada consta;UrbanizaÁ„o e RegularizaÁ„o de Assentamentos Prec·rios;240;REGULARIZADO;NAO ;null;
VILA CCS;M…DIA;B. DOS FINCO;120;5;Loteamento Irregular;null;1986;MMS / ARA 1;Nada consta;Sem previs„o de atendimento neste PPA;null;Sem previs„o de atendimento neste PPA;SIM ;COLINA;
FIGUEIRA KM 25 ANCHIETA;ALTA;B. FERRAZ√øPOLIS;null;4;Favela;null;1996;MUC / ZUD 1;Nada consta;Sem previs„o de atendimento neste PPA;67;AÁıes em andamento;NAO ;COLINA;
SITIO DOS VIANAS;M…DIA;B. MONTANH√ø¬øO;196;2;Favela Urbanizada;null;1975;MUC / ZUD 1;Nada consta;Sem previs„o de atendimento neste PPA;null;Sem previs„o de atendimento neste PPA;NAO ;MORRO BAIXO;
VILA BOA VISTA/SANTANA;M…DIA;B. MONTANH√øO;null;5;Favela Urbanizada;null;null;MUC / ZUD 1;Nada consta;RegularizaÁ„o Fundi·ria;2093;AÁıes em andamento;NAO ;MORRO ALTO/ PLANICIE ALUVIAL;
TELES DE MENEZES;NENHUMA;B. FERRAZ√øPOLIS;null;1;Favela Urbanizada;1995;null;MUC / ZUD 1;Nada consta;RegularizaÁ„o Fundi·ria;93;REGULARIZADO;NAO ;MARGEM DE CORREGO;
CONJUNTO HABITACIONAL SERRA DO MAR;NENHUMA;B. INDEPEND√øNCIA;null;3;Conjunto Habitacional Irregular;null;null;MUC / ZUD 1;Nada consta;RegularizaÁ„o Fundi·ria;240;REGULARIZADO;null;null;
JARDIM DOS QUIMICOS;NENHUMA;B. MONTANH√ø¬øO;null;1;Loteamento Irregular;1987;1988;MUC / ZUD 1;Nada consta;UrbanizaÁ„o e RegularizaÁ„o de Assentamentos Prec·rios;334;REGULARIZADO;NAO ;MORRO ALTO;
RUA ENCO ZOLCSAK;BAIXA;B. FERRAZ√øPOLIS;37;5;Favela Urbanizada;1990;1988;MUC / ZUD 1;Nada consta;Sem previs„o de atendimento neste PPA;null;AÁıes em andamento;NAO ;PLANICIE ALUVIAL;
VILA COMUNITARIA/CDHU (PROURB);NENHUMA;B. PLANALTO;null;1;Loteamento Irregular;1984;1983;MUC / ZUD 1;Nada consta;RegularizaÁ„o Fundi·ria;50;REGULARIZADO;NAO ;COLINA;
CONJUNTO HABITACIONAL LAVINIA - 2a. Etapa;MUITO BAIXA;B. ASSUN√ø√øO;180;6;Conjunto Habitacional Irregular;null;null;MUC / ZUD 1;Nada consta;UrbanizaÁ„o e RegularizaÁ„o de Assentamentos Prec·rios;180;AÁıes em andamento;NAO ;null;
VILA VANGUARDA/SARACANTAN;MUITO ALTA;B. MONTANH√øO;null;6;Favela Urbanizada;2000;1988;MUC / ZUD 1;Nada consta;UrbanizaÁ„o e RegularizaÁ„o de Assentamentos Prec·rios;266;AÁıes em andamento;NAO ;PLANICIE ALUVIAL;
CONJUNTO HABITACIONAL JARDIM ESMERALDA - 1a. ETAPA;NENHUMA;B. COOPERATIVA;null;3;Conjunto Habitacional Irregular;null;null;MUC / ZUD 1;Nada consta;RegularizaÁ„o Fundi·ria;332;AÁıes em andamento;null;null;
VILA SAO PEDRO;M…DIA;B. MONTANH√ø¬øO;7832;6;Favela Parcialmente Urbanizada;1992;1988;MUC / ZUD 1;Nada consta;ReduÁ„o de Risco e AÁıes Emergenciais;null;AÁıes em andamento;NAO ;MORRO ALTO;
WANDA BUENO;NENHUMA;B. FERRAZ√øPOLIS;null;1;Loteamento Irregular;null;1985;MUC / ZUD 1;Nada consta;RegularizaÁ„o Fundi·ria;13;REGULARIZADO;NAO ;COLINA;
RUA APUCARANA/R. GENERAL ISIDORO DIAS LOPES;MUITO BAIXA;B. PAULIC√øIA;10;1;Favela;null;1970;MUC / ZUD 1;Nada consta;Sem previs„o de atendimento neste PPA;null;AÁıes em andamento;NAO ;COLINA;
PAI HEROI;M…DIA;B. BAETA NEVES;602;2;Favela Urbanizada;1980;1980;MUC / ZUD 1;Nada consta;ReduÁ„o de Risco e AÁıes Emergenciais;null;AÁıes em andamento;NAO ;MORRO ALTO/ FUNDO DE VALE;
VILA DA BIQUINHA/ASSOCIACAO ;BAIXA;B. MONTANHAO;null;1;Loteamento Irregular;1987;1995;MUC / ZUD 1;Nada consta;RegularizaÁ„o Fundi·ria;331;AÁıes em andamento;NAO ;MORO BAIXO;
ALBERTO ASCENCIO;ALTA;B. FERRAZ√øPOLIS;50;6;Favela Urbanizada;null;1960;MUC / ZUD 1;Nada consta;Sem previs„o de atendimento neste PPA;null;Sem previs„o de atendimento neste PPA;NAO ;MORROTE;
BELA VISTA (CAMPO FERRAZOPOLIS) ;NENHUMA;B. FERRAZ√ø¬øPOLIS;null;1;Loteamento Irregular;1992;1980;MUC / ZUD 1;Nada consta;RegularizaÁ„o Fundi·ria;206;REGULARIZADO;NAO ;MORROTE;
JARDIM FLORAL;MUITO BAIXA;B. BAETA NEVES;103;1;Loteamento Irregular;1995;1970;MUC / ZUD 1;Nada consta;ReduÁ„o de Risco e AÁıes Emergenciais;null;AÁıes em andamento;NAO ;MORRO BAIXO;
VILA FELIZ;ALTA;B. MONTANH√øO;204;6;Favela Urbanizada;1994;1997;MUC / ZUD 1;Nada consta;UrbanizaÁ„o e RegularizaÁ„o de Assentamentos Prec·rios;127;AÁıes em andamento;NAO ;PLANICIE ALUVIAL;
VILA SAO BERNARDO NOVO;ALTA;B. MONTANHAO;30;4;Loteamento Irregular;1992;1960;MMS / ARA 1;Nada consta;Sem previs„o de atendimento neste PPA;null;Sem previs„o de atendimento neste PPA;SIM ;FUNDO DE VALE;
JESUS DE NAZARETH III;ALTA;B. FERRAZ√øPOLIS;66;6;Favela;null;1975;MUC / ZUD 1;Nada consta;Sem previs„o de atendimento neste PPA;null;Sem previs„o de atendimento neste PPA;NAO ;MORRO ALTO;
VILA LULALDO;ALTA;B. BOTUJURU;260;6;Favela;1995;1989;MMS / ARA 1;Nada consta;RegularizaÁ„o Fundi·ria;null;AÁıes em andamento;SIM ;MARGEM DE CORREGO;
JARDIM REGINA;MUITO ALTA;B. FERRAZOPOLIS;383;6;Favela;null;1981;MUC / ZUD 1;Nada consta;ReduÁ„o de Risco e AÁıes Emergenciais;null;Demanda de elaboraÁ„o de projeto aprovada no OP 2012;NAO ;MORRO ALTO;
RUA VENEZUELA;MUITO ALTA;B. TABO√øO;18;4;Favela;null;1990;MUC / ZER 1;Nada consta;Sem previs„o de atendimento neste PPA;null;Sem previs„o de atendimento neste PPA;NAO ;MARGEM DE CORREGO;
JESUS DE NAZARETH I e II/FERRAZOPOLIS;ALTA;B. FERRAZOPOLIS;930;6;Favela Urbanizada;null;1990;MUC / ZUD 1;Nada consta;Sem previs„o de atendimento neste PPA;null;Demanda de elaboraÁ„o de projeto aprovada no OP 2012;NAO ;MORRO ALTO;
MONTE SIAO;ALTA;B. MONTANH√øO;null;6;Loteamento Irregular;1989;1970;MUC / ZUD 1;Nada consta;Sem previs„o de atendimento neste PPA;165;AÁıes em andamento;NAO ;MORRO ALTO;
TIRO DE GUERRA;BAIXA;B. MONTANH√øO;null;5;Favela;null;1980;MUC / ZUD 1;Nada consta;RegularizaÁ„o Fundi·ria;128;AÁıes em andamento;NAO ;MORRO ALTO;
RUA GASPAR DE SOUZA/SILVINA AUDI;M…DIA;B. MONTANH√øO;null;6;Favela Urbanizada;null;1976;MUC / ZUD 1;Nada consta;UrbanizaÁ„o e RegularizaÁ„o de Assentamentos Prec·rios;126;AÁıes em andamento;NAO ;MORRO ALTO;
AREIAO;M…DIA;B. MONTANH√ø¬øO;null;6;Favela Parcialmente Urbanizada;1990;1980;MMS / ARA 1;ACP 259/06;Sem previs„o de atendimento neste PPA;1843;AÁıes em andamento;SIM ;MORRO ALTO;
SABESP;ALTA;B. MONTANH√øO;null;6;Favela Urbanizada;1985;1975;MMS / ARA 1;ACP 259/06;Sem previs„o de atendimento neste PPA;426;AÁıes em andamento;SIM ;MORRO ALTO/ MARGEM DE CORREGO;
VILA SONIA MARIA;ALTA;B. ALVES DIAS;241;6;Favela;null;1967;MURE / ARA 1;Nada consta;Sem previs„o de atendimento neste PPA;null;AÁıes em andamento;SIM ;FUNDO DE VALE;
BELITA NAZARETH;BAIXA;B. ALVES DIAS;null;5;Favela Urbanizada;1995;1985;MUC / ZUD 1;Nada consta;RegularizaÁ„o Fundi·ria;537;AÁıes em andamento;NAO ;COLINA;
JARDIM UENOYAMA (IRREGULAR);BAIXA;B. COOPERATIVA;null;1;Favela Urbanizada;null;1985;MUC / ZUD 1;Nada consta;RegularizaÁ„o Fundi·ria;129;REGULARIZADO;NAO ;MARGEM DE CORREGO/ MORROTE;
JARDIM SANTA MARIA (RUA N. S. DE FATIMA);M…DIA;B. ALVES DIAS;52;2;Loteamento Irregular;1956;1955;MUC / ZUD 1;ACP 839/91;Sem previs„o de atendimento neste PPA;null;Sem previs„o de atendimento neste PPA;NAO ;MARGEM DE CORREGO/ COLINA;
PEREIRA BARRETO;MUITO ALTA;B. BAETA NEVES;61;4;Favela;null;1999;MUC / ZUD 1;Nada consta;Sem previs„o de atendimento neste PPA;null;Sem previs„o de atendimento neste PPA;NAO ;MARGEM DE CORREGO;
JARDIM LIMPAO;MUITO ALTA;B. FERRAZOPOLIS;916;6;Favela Urbanizada;null;1990;MUC / ZUD 1;Nada consta;ReduÁ„o de Risco e AÁıes Emergenciais;null;Demanda de elaboraÁ„o de projeto aprovada no OP 2012;NAO ;MORRO ALTO;
SITIO PICA PAU AMARELO;MUITO ALTA;B. MONTANH√ø¬øO;13;4;Favela Urbanizada;null;1990;MUC / ZUD 1;Nada consta;Sem previs„o de atendimento neste PPA;null;Sem previs„o de atendimento neste PPA;NAO ;FUNDO DE VALE;
MOREIRA BERNARDES;M…DIA;B. MONTANH√øO;165;2;Favela;null;1989;MUC / ZUD 1;Nada consta;Sem previs„o de atendimento neste PPA;null;Sem previs„o de atendimento neste PPA;NAO ;MARGEM DE CORREGO/ FUNDO DE VALE;
JARDIM CALUX/ URBANIZADO CDHU;BAIXA;B. PLANALTO;2201;5;Favela Urbanizada;null;1956;MUC / ZUD 1;Nada consta;RegularizaÁ„o Fundi·ria;null;AÁıes em andamento;NAO ;MORRO BAIXO/ MARGEM DE CORREGO;
DER II ;M…DIA;B. PLANALTO;210;2;Favela Urbanizada;null;1990;MUC / ZUD 1;Nada consta;Sem previs„o de atendimento neste PPA;null;AÁıes em andamento;NAO ;MORRO BAIXO;
VILA NOVA ANTUNES;NENHUMA;B. COOPERATIVA;null;1;Loteamento Irregular;1996;1996;MUC / ZUD 1;Nada consta;RegularizaÁ„o Fundi·ria;399;REGULARIZADO;NAO ;COLINA/ MARGEM DE CORREGO;
ASSOCIACAO DOS SEM TETO DO BAIRRO BATISTINI;BAIXA;B. COOPERATIVA;68;1;Loteamento Irregular;1998;2001;MUC / ZUD 1;Nada consta;Sem previs„o de atendimento neste PPA;null;AÁıes em andamento;NAO ;FUNDO DE VALE/ COLINA;
RUA ALDINO PINOTTI;M…DIA;B. CENTRO;12;4;Favela;null;1980;MUC / ZUD 1;Nada consta;Sem previs„o de atendimento neste PPA;null;Sem previs„o de atendimento neste PPA;NAO ;PLANICIE ALUVIAL;
LOTEAMENTO VILA SANTA;NENHUMA;B. COOPERATIVA;null;1;Loteamento Irregular;null;1960;MUC / ZUD 1;Nada consta;RegularizaÁ„o Fundi·ria;149;REGULARIZADO;NAO ;MORROTE/ MARGEM DE CORREGO;
NOVO PARQUE/PARQUE SAO BERNARDO;ALTA;B. MONTANH√ø¬øO;356;6;Favela;null;1968;MUC / ZUD 1;Nada consta;UrbanizaÁ„o e RegularizaÁ„o de Assentamentos Prec·rios;356;AÁıes em andamento;NAO ;null;
RUA CASPER LIBERO, 1.655;ALTA;B. PAULIC√øIA;null;6;Favela;null;1970;MUC / ZUD 1;Nada consta;Sem previs„o de atendimento neste PPA;34;AÁıes em andamento;NAO ;MARGEM DE CORREGO;
VILA ROSA CRUZ;ALTA;B. ALVES DIAS ;74;6;Favela;1990;1995;MUC / ZUD 1;Nada consta;Sem previs„o de atendimento neste PPA;null;Sem previs„o de atendimento neste PPA;NAO ;MARGEM DE CORREGO/ COLINA;
ASSOCIACAO COMUNITARIA IPE II (OLICE RAIZA);BAIXA;B. VARGINHA;13;5;Loteamento Irregular;null;1995;MMS / ARA 1;Nada consta;Sem previs„o de atendimento neste PPA;null;Sem previs„o de atendimento neste PPA;SIM ;MARGEM DE CORREGO;
VILA FENIX (AV. ISAAC AIZEMBERG);ALTA;B. INDEPEND√øNCIA;13;4;Favela Urbanizada;null;1990;MUC / ZER 1;Nada consta;Sem previs„o de atendimento neste PPA;null;Sem previs„o de atendimento neste PPA;NAO ;MARGEM DE CORREGO;
RISUKE MIURA (ASSOC. COM. NOSSO LAR);BAIXA;B. DOS ALVARENGA;46;1;Loteamento Irregular;1992;1998;MURE / ARA 1;ACP 1866/95;Sem previs„o de atendimento neste PPA;null;AÁıes em andamento;SIM ;FUNDO DE VALE;
CIDADE MIRAMAR;BAIXA;B. ASSUN√ø√øO;602;1;Loteamento Irregular;1950;1950;MUC / ZUD 1;Nada consta;Sem previs„o de atendimento neste PPA;null;AÁıes em andamento;NAO ;COLINA;
RUA MAFRA;ALTA;B. RIACHO GRANDE;95;6;Favela Urbanizada;null;1990;MMS / ARA 1;Nada consta;Sem previs„o de atendimento neste PPA;null;Sem previs„o de atendimento neste PPA;SIM ;FUNDO DE VALE/ MARGEM DE CORREGO;
SIMAO PORTELA (FAVELA);ALTA;B. RIACHO GRANDE;10;4;Favela;1998;null;MMS / ARA 1;Nada consta;Sem previs„o de atendimento neste PPA;null;AÁıes em andamento;SIM ;PLANICIE ALUVIAL;
CORREGO CANHEMA;M…DIA;B. PAULIC√ø¬øIA;122;2;Favela;null;1989;MUC / ZUD 1;Nada consta;Sem previs„o de atendimento neste PPA;null;Sem previs„o de atendimento neste PPA;NAO ;MARGEM DE CORREGO;
VILA DO TANQUE;ALTA;B. FERRAZOPOLIS;84;6;Favela;1998;1960;MUC / ZUD 1;Nada consta;Sem previs„o de atendimento neste PPA;null;Sem previs„o de atendimento neste PPA;NAO ;MORRO ALTO;
CIRETRAN;M…DIA;B. CENTRO;54;2;Favela;null;1956;MUC / ZUD 1;Nada consta;Sem previs„o de atendimento neste PPA;null;Sem previs„o de atendimento neste PPA;NAO ;COLINA;
CORREGO TAIOCA;ALTA;B. BAETA NEVES;48;4;Favela;null;1980;MUC / ZUD 1;Nada consta;Sem previs„o de atendimento neste PPA;null;Sem previs„o de atendimento neste PPA;NAO ;FUNDO DE VALE/ MARGEM DE CORREGO;
CAPELINHA;ALTA;B. RIACHO GRANDE;null;6;Favela;1992;1995;MMS / ARA 1;ACP 1189/95;UrbanizaÁ„o e RegularizaÁ„o de Assentamentos Prec·rios;826;AÁıes em andamento;SIM ;MORRO ALTO/ MARGEM DE CORREGO;
LIXAO ALVARENGA;MUITO ALTA;B. DOS ALVARENGA;214;4;Favela;null;1970;MMS / ARA 1;Nada consta;Sem previs„o de atendimento neste PPA;null;AÁıes em andamento;SIM ;COLINA/ MORROTE/ FUNDO DE VALE;
JARDIM SERRO AZUL;M…DIA;B. DOS ALVARENGA;null;6;Loteamento Irregular;1997;1970;MMS / ARA 1;Nada consta;Sem previs„o de atendimento neste PPA;385;Demanda de elaboraÁ„o de projeto aprovada no OP 2012;SIM ;MORROTE;
JARDIM RECANTO DOS PASSAROS;BAIXA;B. DOS ALVARENGA;135;1;Loteamento Irregular;1985;1990;MMS / ARA 1;Nada consta;Sem previs„o de atendimento neste PPA;null;AÁıes em andamento;SIM ;MORRO BAIXO;
JARDIM CLAUDIA ;ALTA;B. DOS ALVARENGA;null;6;Favela Urbanizada;1990;1985;MURE / ARA 1;Nada consta;Sem previs„o de atendimento neste PPA;1167;Demanda de elaboraÁ„o de projeto aprovada no OP 2012;SIM ;MORRO BAIXO/morrete e fundo de vale;
RUA DI PINEDO;ALTA;B. CENTRO;92;6;Favela;null;1940;MUC / ZUD 1;Nada consta;Sem previs„o de atendimento neste PPA;null;Sem previs„o de atendimento neste PPA;NAO ;PLANICIE ALUVIAL;
PARQUE RIO GRANDE;BAIXA;R. GRANDE;218;5;Favela;null;1980;MMS / ARA 1;Nada consta;ReduÁ„o de Risco e AÁıes Emergenciais;null;Sem previs„o de atendimento neste PPA;SIM ;MORRO BAIXO;
ASSOCIACAO COMUNITARIA LIUBA;MUITO BAIXA;B. TABO√ø¬øO;null;1;Loteamento Irregular;1988;1990;MUC / ZUD 1;Nada consta;RegularizaÁ„o Fundi·ria;19;AÁıes em andamento;NAO ;MORRO BAIXO/ MARGEM DE CORREGO;
RUA ORAGNOF;BAIXA;B. PLANALTO;13;1;Favela Urbanizada;1985;1960;MUC / ZUD 1;Nada consta;Sem previs„o de atendimento neste PPA;null;AÁıes em andamento;NAO ;COLINA;
JARDIM ANA FALLETTI;BAIXA;B. DOS ALVARENGA;139;5;Loteamento Irregular;1985;1995;MMS / ARA 1;Nada consta;Sem previs„o de atendimento neste PPA;null;Sem previs„o de atendimento neste PPA;SIM ;MARGEM DE CORREGO/ PLANICIE ALUVIAL/ MORROTE;
JARDIM DAS ORQUIDEAS II;BAIXA;B. DOS ALVARENGA;null;1;Loteamento Irregular;1991;1975;MMS / ARA 1;Nada consta;Sem previs„o de atendimento neste PPA;221;AÁıes em andamento;SIM ;COLINA;
JARDIM NOVO HORIZONTE II;M…DIA;B. DOS ALVARENGA;317;5;Loteamento Irregular;1992;1994;MMS / ARA 1;ACP 782/93;Sem previs„o de atendimento neste PPA;null;Demanda de Plano EstratÈgico Global aprovado pelo Conselho Municipal de OrÁamento;SIM ;MORRO BAIXO;
JARDIM MARCO POLO II;BAIXA;B. BATISTINI;244;5;Loteamento Irregular;1992;1993;MURE / ARA 1;Nada consta;Sem previs„o de atendimento neste PPA;null;Sem previs„o de atendimento neste PPA;SIM ;MARGEM DE CORREGO/ COLINA;
VILA ROCCIO;BAIXA;B. RIACHO GRANDE;22;5;Favela;null;1980;MMS / ARA 1;Nada consta;Sem previs„o de atendimento neste PPA;null;Sem previs„o de atendimento neste PPA;SIM ;PLANICIE ALUVIAL;
JARDIM LAURA (URBANIZADA);ALTA;B. DOS ALVARENGA;1018;6;Loteamento Irregular;1966;1991;MMS / ARA 1;Nada consta;Sem previs„o de atendimento neste PPA;null;Sem previs„o de atendimento neste PPA;SIM ;MORRO BAIXO;
PARQUE HAWAI;BAIXA;B. ALVES DIAS;null;1;Favela Urbanizada;1985;1987;MURE / ARA 1;Nada consta;RegularizaÁ„o Fundi·ria;594;AÁıes em andamento;SIM ;MORRO BAIXO/ MARGEM DE CORREGO;
HERMENEGILDO SIMONI;M…DIA;B. BAETA NEVES;39;2;Favela;null;1975;MUC / ZUD 1;Nada consta;Sem previs„o de atendimento neste PPA;null;Sem previs„o de atendimento neste PPA;NAO ;FUNDO DE VALE/ MARGEM DE CORREGO;
JARDIM JOAO DE BARRO;M…DIA;B. DOS ALVARENGA;null;5;Loteamento Irregular;1999;1989;MMS / ARA 1;ACP 3125/02;ReduÁ„o de Risco e AÁıes Emergenciais;832;AÁıes em andamento;SIM ;MORRO ALTO;
REPRESA ALVARENGA-PONEY CLUB;MUITO ALTA;B. DOS ALVARENGA;null;4;Favela;null;1970;MMS / ARA 1;Nada consta;Sem previs„o de atendimento neste PPA;706;AÁıes em andamento;SIM ;MARGEM DE CORREGO;
RUA PARANAGUA/JD. REPRESA;MUITO ALTA;JD. REPRESA               ;null;6;Favela;1989;1947;MMS / ARA 1;Nada consta;UrbanizaÁ„o e RegularizaÁ„o de Assentamentos Prec·rios;145;AÁıes em andamento (Projeto executivo em elaboraÁ„o);SIM ;MARGEM DE CORREGO/ FUNDO DE VALE;
SIMON BOLIVAR/PQ. IMIGRANTES;ALTA;BATISTINI;12;6;Favela;1989;1947;MMS / ARA 1;Nada consta;UrbanizaÁ„o e RegularizaÁ„o de Assentamentos Prec·rios;17;AÁıes em andamento;SIM ;MORRO BAIXO E FUNDO DE VALE;
RUA CURITIBA/JD. REPRESA;ALTA;JD. REPRESA               ;null;6;Favela;null;1947;MMS / ARA 1;Nada consta;UrbanizaÁ„o e RegularizaÁ„o de Assentamentos Prec·rios;253;AÁıes em andamento;SIM ;COLINA;
JARDIM LAGO I;BAIXA;B. DOS CASA;null;5;Favela Urbanizada;1987;1990;MURE / ARA 1;Nada consta;RegularizaÁ„o Fundi·ria;26;AÁıes em andamento;SIM ;MORRO BAIXO;
RUA LUIZ VAZ DE CAMOES I/JD. REPRESA;ALTA;JD. REPRESA               ;null;6;Favela;1989;1980;MMS / ARA 1;Nada consta;UrbanizaÁ„o e RegularizaÁ„o de Assentamentos Prec·rios;32;AÁıes em andamento;SIM ;MARGEM DE CORREGO;
JARDIM NOVO HORIZONTE I;BAIXA;B. DOS ALVARENGA;null;5;Loteamento Irregular;1992;1995;MMS / ARA 1;Nada consta;Sem previs„o de atendimento neste PPA;370;AÁıes em andamento;SIM ;MORRO BAIXO;
JARDIM SAO JUDAS TADEU;BAIXA;B. BATISTINI;106;5;Loteamento Irregular;1994;1947;MMS / ARA 1;Nada consta;Sem previs„o de atendimento neste PPA;null;Sem previs„o de atendimento neste PPA;SIM ;MORRO BAIXO;
ESTRADA DO ALVARENGA-CAPITAO CASA;ALTA;B. DOS ALVARENGA;32;4;Favela;2000;1997;MURE / ARA 1;Nada consta;Sem previs„o de atendimento neste PPA;null;Sem previs„o de atendimento neste PPA;SIM ;MARGEM DE CORREGO;
CAMA PATENTE;M…DIA;B. DOS ALVARENGA;157;2;Favela Urbanizada;1990;1990;MURE / ARA 1;Nada consta;Sem previs„o de atendimento neste PPA;null;Sem previs„o de atendimento neste PPA;SIM ;MARGEM DE CORREGO;
ROYAL PARQUE/ASSENTAMENTO PRECARIO;BAIXA;B. BATISTINI;79;5;Loteamento Irregular;1994;1990;MMS / ARA 1;REINTEGRA√ø¬ø√ø¬øO DE POSSE;Sem previs„o de atendimento neste PPA;null;Sem previs„o de atendimento neste PPA;SIM ;MORRO ALTO;
REAL PARQUE;BAIXA;B. BATISTINI;33;5;Loteamento Irregular;1992;null;MMS / ARA 1;Nada consta;Sem previs„o de atendimento neste PPA;null;Sem previs„o de atendimento neste PPA;SIM ;MORRO ALTO;
LOS ANGELES (FAVELA);MUITO ALTA;B. BATISTINI;127;4;Favela;null;1970;MMS / ARA 1;Nada consta;Sem previs„o de atendimento neste PPA;null;AÁıes em andamento;SIM ;COLINA;
RUA CAPIVARI/JD. REPRESA;ALTA;JD. REPRESA               ;null;6;Favela;null;1945;MMS / ARA 1;Nada consta;UrbanizaÁ„o e RegularizaÁ„o de Assentamentos Prec·rios;11;AÁıes em andamento;SIM ;COLINA;
JARDIM PINHEIROS;BAIXA;B. DOS ALVARENGA;null;1;Loteamento Irregular;1991;1990;MMS / ARA 1;ACP 758/93;RegularizaÁ„o Fundi·ria;1197;AÁıes em andamento;SIM ;COLINA;
SOCIEDADE DOS  MORADORES DE VILA VITORIA;M…DIA;B. DOS CASA;677;2;Loteamento Irregular;1995;1989;MURE / ARA 1;Nada consta;Sem previs„o de atendimento neste PPA;null;Sem previs„o de atendimento neste PPA;SIM ;MORROTE;
JARDIM DAS OLIVEIRAS III;BAIXA;B. DOS ALVARENGA;284;5;Loteamento Irregular;1991;1992;MURE / ARA 1;ACP 1968/95;Sem previs„o de atendimento neste PPA;null;Sem previs„o de atendimento neste PPA;SIM ;MORRO BAIXO;
JARDIM DAS OLIVEIRAS I;M…DIA;B. DOS ALVARENGA;106;2;Loteamento Irregular;1990;1990;MURE / ARA 1;Nada consta;Sem previs„o de atendimento neste PPA;null;Sem previs„o de atendimento neste PPA;SIM ;MORRO BAIXO;
PCA. GERALDO DE JESUS/ JD. REPRESA;ALTA;JD. REPRESA               ;null;6;Favela;1989;1947;MMS / ARA 1;Nada consta;UrbanizaÁ„o e RegularizaÁ„o de Assentamentos Prec·rios;32;AÁıes em andamento;SIM ;MARGEM DE CORREGO/ FUNDO DE VALE;
CARMINHA/ DETROIT;M…DIA;B.DOS CASA;null;5;Favela Urbanizada;1985;1972;MURE / ARA 1;Nada consta;RegularizaÁ„o Fundi·ria;752;AÁıes em andamento;SIM ;MORRO BAIXO;
ASSOCIACAO GUARDA E ZELADORIA;NENHUMA;B. DOS FINCO;null;1;Loteamento Irregular;null;1993;MMS / ARA 1;Nada consta;RegularizaÁ„o Fundi·ria;122;REGULARIZADO;SIM ;MORRO BAIXO;
JARDIM NOVA AMERICA;BAIXA;B. DOS ALVARENGA;null;5;Loteamento Irregular;1993;1993;MMS / ARA 1;ACP 692/1993;Sem previs„o de atendimento neste PPA;146;AÁıes em andamento;SIM ;MORRO BAIXO;
VILA BOA VISTA/PANTANAL;BAIXA;B. DOS FINCO;76;5;Favela Urbanizada;null;1980;MMS / ARA 1;Nada consta;RegularizaÁ„o Fundi·ria;99;AÁıes em andamento;SIM ;MORRO BAIXO;
FRANCELINO BATISTA ALVARENGA FILHO;BAIXA;B. BATISTINI;20;5;Loteamento Irregular;null;1993;MMS / ARA 1;Nada consta;Sem previs„o de atendimento neste PPA;null;Sem previs„o de atendimento neste PPA;SIM ;MORRO ALTO;
RUA AMABILI MASSINI ORTEGA, RUA PAULO MORANDO E RUA JO√øO SALDANHA;ALTA;B. BATISTINI;37;4;Favela;null;1994;MMS / ARA 1;Nada consta;Sem previs„o de atendimento neste PPA;null;Sem previs„o de atendimento neste PPA;SIM ;MARGEM DE CORREGO/ COLINA;
CRUZEIRO DO SUL;ALTA;B. DOS ALVARENGA;null;8;Favela;1996;1992;MMS / ARA 1;Nada consta;Sem previs„o de atendimento neste PPA;156;Sem previs„o de atendimento neste PPA;SIM ;COLINA;
VILA NOVA;BAIXA;B. DOS ALVARENGA;null;1;Loteamento Irregular;1995;1993;MURE / ARA 1;Nada consta;Sem previs„o de atendimento neste PPA;217;AÁıes em andamento;SIM ;COLINA;
VILA DO BOSQUE;ALTA;B. BATISTINI;null;6;Favela Urbanizada;2002;1968;MURE / ARA 1;Nada consta;UrbanizaÁ„o e RegularizaÁ„o de Assentamentos Prec·rios;336;AÁıes em andamento (Projeto Executivo em elaboraÁ„o);SIM ;MORROTE;
ASSENTAMENTO BATISTINI;ALTA;B. BATISTINI;null;6;Favela;1994;1994;MURE / ARA 1;ACP 1346/02;UrbanizaÁ„o e RegularizaÁ„o de Assentamentos Prec·rios/ ReduÁ„o de Risco e AÁıes Emergenciais;1239;AÁıes em andamento (Projeto Executivo em elaboraÁ„o);SIM ;PLAN√çCIE ALUVIAL E MORROTE;
NICOLA DEMARCHI;NENHUMA;B. BOTUJURU;null;1;Favela Urbanizada;null;1991;MUC / ZUD 1;Nada consta;RegularizaÁ„o Fundi·ria;60;REGULARIZADO;NAO ;MORRO BAIXO;
ASSOCIACAO COMUNITARIA NOSSA TERRA;M…DIA;B. BATISTINI;8;1;Loteamento Irregular;1988;1990;MMS / ARA 1;Nada consta;Sem previs„o de atendimento neste PPA;null;Sem previs„o de atendimento neste PPA;SIM ;MORRO BAIXO;
RUA DEOCLECIO ALVES MOREIRA/PQ. ;ALTA;PQ. IMIGRANTES              ;null;6;Favela;null;1960;MMS / ARA 1;Nada consta;UrbanizaÁ„o e RegularizaÁ„o de Assentamentos Prec·rios;197;AÁıes em andamento;SIM ;FUNDO DE VALE E MORROTE;
R. FLORESTAL / PQ. IMIGRANTES;ALTA;PQ. IMIGRANTES              ;null;6;Favela;1989;1960;MMS / ARA 1;Nada consta;UrbanizaÁ„o e RegularizaÁ„o de Assentamentos Prec·rios;132;AÁıes em andamento (projeto executivo em elaboraÁ„o);SIM ;MORROTE;
PARQUE FLORESTAL;BAIXA;B. DOS ALVARENGA;null;5;Loteamento Irregular;1996;1995;MMS / ARA 1;Nada consta;Sem previs„o de atendimento neste PPA;204;AÁıes em andamento;SIM ;MARGEM DE CORREGO;
VILA CHAMINE;NENHUMA;B. NOVA PETROPOLIS;null;1;Favela Urbanizada;1977;1993;MUC / ZUD 1;Nada consta;RegularizaÁ„o Fundi·ria;68;REGULARIZADO;NAO ;FUNDO DE VALE;
FRANCISCO FINCO;M…DIA;B. RIACHO GRANDE;9;2;Favela;null;1980;MMS / ARA 1;Nada consta;Sem previs„o de atendimento neste PPA;null;Sem previs„o de atendimento neste PPA;SIM ;MORRO ALTO/ FUNDO DE VALE;
JARDIM PARAISO (EM FRENTE AO DIVINEIA);MUITO ALTA;B. DOS CASA;80;6;Favela;1993;2005;MUC / ZUD 1;Nada consta;Sem previs„o de atendimento neste PPA;null;Sem previs„o de atendimento neste PPA;NAO ;COLINA;
VILA SANTA MONICA;BAIXA;B. DOS CASA;null;1;Favela Urbanizada;null;1983;MURE / ARA 1;Nada consta;RegularizaÁ„o Fundi·ria;384;AÁıes em andamento;SIM ;MORRO BAIXO;
PARQUE VENEZA;BAIXA;B. DOS ALVARENGA;null;1;Loteamento Irregular;1995;1994;MURE / ARA 1;ACP 2224/01;Sem previs„o de atendimento neste PPA;594;AÁıes em andamento;SIM ;COLINA;
RUA LUIZ MARSON;ALTA;B. BATISTINI;59;2;Favela Urbanizada;null;1970;MURE / ARA 1;Nada consta;Sem previs„o de atendimento neste PPA;null;Sem previs„o de atendimento neste PPA;SIM ;FUNDO DE VALE;
JARDIM NOSSA SRA FATIMA - B;ALTA;B. DEMARCHI;198;6;Favela;1980;1975;MUC / ZUD 1;Nada consta;Sem previs„o de atendimento neste PPA;null;Sem previs„o de atendimento neste PPA;NAO ;MORROTE;
JARDIM NOSSA SRA FATIMA - A;BAIXA;B. DEMARCHI;14;1;Favela;1980;1970;MUC / ZUD 1;Nada consta;Sem previs„o de atendimento neste PPA;null;AÁıes em andamento;NAO ;COLINA;
JARDIM NOVA CANAA;BAIXA;B. BATISTINI;null;1;Loteamento Irregular;1990;null;MMS / ARA 1;Nada consta;Sem previs„o de atendimento neste PPA;689;AÁıes em andamento;SIM ;COLINA;
JARDIM CASTELO BRANCO;BAIXA;B. DEMARCHI;null;1;Loteamento Irregular;1989;1988;MURE / ARA 1;Nada consta;Sem previs„o de atendimento neste PPA;176;AÁıes em andamento;SIM ;MORRO BAIXO;
JARDIM PRIMAVERA;BAIXA;B. BAETA NEVES;246;5;Favela Urbanizada;1990;null;MUC / ZUD 1;Nada consta;Sem previs„o de atendimento neste PPA;null;Sem previs„o de atendimento neste PPA;NAO ;MORRO BAIXO;
REGENTE LIMA E SILVA;NENHUMA;B. FERRAZ√øPOLIS;76;1;Favela;null;1970;MUC / ZUD 1;Nada consta;Sem previs„o de atendimento neste PPA;null;REGULARIZADO;NAO ;MORRO ALTO;
RUA CINTRA;ALTA;B. RIACHO GRANDE;128;6;Favela;1984;1990;MMS / ARA 1;TAC ACP 800/89;Sem previs„o de atendimento neste PPA;null;Sem previs„o de atendimento neste PPA;SIM ;MORRO BAIXO;
ANTONIO S. DOS REIS/ JOSE R. DOS REIS;BAIXA;B. BATISTINI;124;5;Loteamento Irregular;null;1990;MMS / ARA 1;Nada consta;Sem previs„o de atendimento neste PPA;null;Sem previs„o de atendimento neste PPA;SIM ;MORRO ALTO;
DIVINEIA-PANTANAL/ URBANIZADO ;BAIXA;B. DOS CASA;null;5;Favela Urbanizada;1980;1980;MURE / ARA 1;Nada consta;RegularizaÁ„o Fundi·ria;734;AÁıes em andamento;SIM ;MORRO BAIXO;
BANANAL/ SILVINA AUDI;ALTA;B. MONTANH√øO;null;6;Favela Urbanizada;1995;1985;MUC / ZUD 1;Nada consta;UrbanizaÁ„o e RegularizaÁ„o de Assentamentos Prec·rios;105;AÁıes em andamento;NAO ;MORRO ALTO;
JARDIM DIANA;M…DIA;B. DOS ALVARENGA;67;2;Loteamento Irregular;null;1998;MURE / ARA 1;Nada consta;Sem previs„o de atendimento neste PPA;null;Sem previs„o de atendimento neste PPA;SIM ;MORRO BAIXO;
RUA ITAMARATI ;NENHUMA;B. BAETA NEVES;null;1;Favela Urbanizada;1985;null;MUC / ZUD 1;Nada consta;RegularizaÁ„o Fundi·ria;86;REGULARIZADO;NAO ;MORROTE;
PARQUE DAS FLORES II;BAIXA;B. DOS CASA;null;1;Loteamento Irregular;1992;1990;MURE / ARA 1;Nada consta;Sem previs„o de atendimento neste PPA;172;AÁıes em andamento;SIM ;COLINA;
JOSE TAVARES BASTOS;BAIXA;B. FERRAZOPOLIS;41;1;Favela;null;1971;MUC / ZUD 1;Nada consta;Sem previs„o de atendimento neste PPA;null;AÁıes em andamento;NAO ;MORRO ALTO;
CAISB I;MUITO BAIXA;B. COOPERATIVA;null;1;Loteamento Irregular;1996;1994;MUC / ZUD 1;Nada consta;RegularizaÁ„o Fundi·ria;133;REGULARIZADO;NAO ;MARGEM DE CORREGO;
VILA FEI-MIZUHO/PARQUE DAS ARVORES;BAIXA;B. COOPERATIVA;null;1;Loteamento Irregular;1990;1990;MURE / ARA 1;ACP 1573/04;Sem previs„o de atendimento neste PPA;498;AÁıes em andamento;SIM ;COLINA;
VILA ESPERANCA;MUITO ALTA;B. MONTANHAO;1306;6;Favela Urbanizada;1990;1965;MUC / ZUD 1;Nada consta;ReduÁ„o de Risco e AÁıes Emergenciais;null;PMRR: AÁıes em andamento;NAO ;MORRO ALTO;
JARDIM VIA ANCHIETA;ALTA;B. ASSUN√ø√øO;197;6;Favela Urbanizada;1987;1980;MUC / ZUD 1;Nada consta;Sem previs„o de atendimento neste PPA;null;Sem previs„o de atendimento neste PPA;NAO ;COLINA;
VILA GLORIA;BAIXA;B. DOS CASA;56;5;Loteamento Irregular;null;1993;MURE / ARA 1;Nada consta;Sem previs„o de atendimento neste PPA;null;Sem previs„o de atendimento neste PPA;SIM ;MORRO BAIXO;
ASSOCIACAO UNIAO E FORCA - JARDIM IPE IV;BAIXA;B. DEMARCHI;null;1;Loteamento Irregular;1985;1989;MURE / ARA 1;Nada consta;Sem previs„o de atendimento neste PPA;394;AÁıes em andamento;SIM ;MORRO BAIXO;
SANTA CRUZ;ALTA;B. RIACHO GRANDE;1023;6;Favela;1990;1995;MMS / ARA 1;ACP 259/06;Sem previs„o de atendimento neste PPA;null;Demanda de elaboraÁ„o de projeto aprovada no OP 2012;SIM ;MORRO BAIXO/ MARGEM DE CORREGO;
NOVO HORIZONTE/ FAVELA;MUITO ALTA;B. FERRAZ√øPOLIS;413;6;Favela;null;1988;MUC / ZUD 1;Nada consta;Sem previs„o de atendimento neste PPA;null;Demanda de elaboraÁ„o de projeto aprovada no OP 2012;NAO ;MORRO BAIXO;
JARDIM UIRICABA;BAIXA;B. BATISTINI;435;5;Loteamento Irregular;1992;1947;MMS / ARA 1;Nada consta;Sem previs„o de atendimento neste PPA;null;Sem previs„o de atendimento neste PPA;SIM ;MORRO BAIXO;
RUA ARTHUR DA FROTA MOREIRA;ALTA;B. FERRAZ√øPOLIS;78;6;Favela Urbanizada;1985;1982;MUC / ZUD 1;Nada consta;Sem previs„o de atendimento neste PPA;null;Sem previs„o de atendimento neste PPA;NAO ;MORROTE;
VILA DOS ESTUDANTES;ALTA;B. MONTANH√øO;null;6;Favela;null;1992;MMS / ARA 1;Nada consta;Sem previs„o de atendimento neste PPA;733;AÁıes em andamento;SIM ;MORRO ALTO;
PARQUE DAS FLORES I;BAIXA;B. DOS CASA;322;5;Loteamento Irregular;1980;1992;MURE / ARA 1;Nada consta;Sem previs„o de atendimento neste PPA;null;Sem previs„o de atendimento neste PPA;SIM ;MORRO BAIXO;
RUA MARIO PAULO AUTUORI, 384;ALTA;R. GRANDE;9;4;Favela;null;1990;MMS / ARA 1;Nada consta;Sem previs„o de atendimento neste PPA;null;Sem previs„o de atendimento neste PPA;SIM ;MORRO ALTO/ MARGEM DE CORREGO;
PARQUE IDEAL;BAIXA;B. DOS ALVARENGA;null;5;Loteamento Irregular;1990;1992;MMS / ARA 1;ACP 1169/93;Sem previs„o de atendimento neste PPA;546;AÁıes em andamento;SIM ;MORRO BAIXO;
JARDIM S√O LUCAS/ JARDIM COCAIA;M…DIA;B. VARGINHA;null;2;Loteamento Irregular;1984;1991;MMS / ARA 1;ACP 1116/93;UrbanizaÁ„o e RegularizaÁ„o de Assentamentos Prec·rios;74;Em processo de licitaÁ„o;SIM ;COLINA/ MARGEM DE CORREGO;
PARQUE SAO RAFAEL ;M…DIA;B. MONTANHAO;null;2;Loteamento Irregular;1989;1992;MUC / ZUD 1;Nada consta;RegularizaÁ„o Fundi·ria;212;AÁıes em andamento;NAO ;MORRO ALTO;
RUA DOS VIANAS ;ALTA;B. MONTANH√øO;null;6;Favela Urbanizada;null;1965;MUC / ZUD 1;Nada consta;UrbanizaÁ„o e RegularizaÁ„o de Assentamentos Prec·rios;170;AÁıes em andamento;NAO ;MARGEM DE CORREGO;
MININHA;ALTA;B. MONTANH√øO;85;6;Favela;null;1975;MUC / ZUD 1;Nada consta;Sem previs„o de atendimento neste PPA;null;Sem previs„o de atendimento neste PPA;NAO ;MORRO BAIXO;
JARDIM MARCO POLO I;BAIXA;B. BATISTINI;null;1;Loteamento Irregular;1990;1992;MURE / ARA 1;Nada consta;Sem previs„o de atendimento neste PPA;66;AÁıes em andamento;SIM ;MARGEM DE CORREGO/ COLINA;
VILA SOARES;NENHUMA;B. COOPERATIVA;null;1;Favela;2002;1992;MUC / ZUD 1;Nada consta;RegularizaÁ„o Fundi·ria;333;REGULARIZADO;NAO ;MORROTE;
SITIO DOS MORROS;MUITO ALTA;B. BATISTINI;59;4;Favela;1996;1983;MURE / ARA 1;Nada consta;Sem previs„o de atendimento neste PPA;null;AÁıes em andamento;SIM ;COLINA;
PARQUE DOS QUIMICOS;BAIXA;B. DOS ALVARENGA;null;5;Loteamento Irregular;1987;1988;MMS / ARA 1;Nada consta;Sem previs„o de atendimento neste PPA;645;AÁıes em andamento;SIM ;MORRO BAIXO;
SANTA MARIA - Assentamento Precario;BAIXA;B. BATISTINI;49;1;Favela Urbanizada;1986;1947;MMS / ARA 1;Nada consta;Sem previs„o de atendimento neste PPA;null;Sem previs„o de atendimento neste PPA;SIM ;COLINA;
ROMILDO CEOLA;NENHUMA;B. FERRAZ√øPOLIS;null;1;Favela Urbanizada;1992;1960;MUC / ZUD 1;Nada consta;RegularizaÁ„o Fundi·ria;53;REGULARIZADO;NAO ;COLINA;
JARDIM CONTINENTAL;MUITO BAIXA;B. INDEPEND√øNCIA;8;1;Favela;null;1970;MUC / ZUD 1;Nada consta;Sem previs„o de atendimento neste PPA;null;AÁıes em andamento;NAO ;MARGEM DE CORREGO;
CASA NOVA;ALTA;B. DOS ALVARENGA;81;6;Favela;null;1995;MMS / ARA 1;Nada consta;Sem previs„o de atendimento neste PPA;null;Sem previs„o de atendimento neste PPA;SIM ;MORRO BAIXO;
VILA BOA VISTA - RUA MARIO PAULO AUTUORI com RUA SANTO EXPEDITO (PRACA);MUITO ALTA;B. DOS FINCO;18;4;Favela;null;1980;MMS / ARA 1;Nada consta;Sem previs„o de atendimento neste PPA;null;Sem previs„o de atendimento neste PPA;SIM ;MORRO BAIXO;
JARDIM SANTO INACIO (AV. ISAAC AIZEMBERG);ALTA;B. INDEPEND√øNCIA;6;6;Favela Urbanizada;null;1990;MUC / ZUD 1;Nada consta;Sem previs„o de atendimento neste PPA;null;Sem previs„o de atendimento neste PPA;NAO ;COLINA;
JARDIM SKAFF/ LOTEAMENTO IRREGULAR;BAIXA;B. BATISTINI;88;6;Loteamento Irregular;1958;1958;MURE / ARA 1;Nada consta;Sem previs„o de atendimento neste PPA;null;Sem previs„o de atendimento neste PPA;SIM ;MORRO BAIXO;
VILA SAO JOSE (RUA OSVALDO FREGONEZI);BAIXA;B. ASSUNCAO;171;2;Favela Urbanizada;null;1980;MUC / ZUD 1;Nada consta;Sem previs„o de atendimento neste PPA;null;Sem previs„o de atendimento neste PPA;NAO ;MORRO BAIXO;
PEDREIRA;MUITO ALTA;B.MONTANH√øO;453;6;Favela Urbanizada;1996;1996;MUC / ZUD 1;Nada consta;ReduÁ„o de Risco e AÁıes Emergenciais;null;PMRR: AÁıes em andamento;NAO ;MORRO ALTO;
VILA OLARIA;BAIXA;B. DOS FINCO;181;5;Loteamento Irregular;1993;1977;MMS / ARA 1;Nada consta;Sem previs„o de atendimento neste PPA;null;Sem previs„o de atendimento neste PPA;SIM ;MORRO BAIXO/ FUNDO DE VALE;
JOSE SZAYKOWSKI E OUTROS;BAIXA;B. DOS FINCO;48;1;Loteamento Irregular;null;1992;MMS / ARA 1;Nada consta;Sem previs„o de atendimento neste PPA;null;Sem previs„o de atendimento neste PPA;SIM ;MORRO BAIXO;
JARDIM CENTRAL;BAIXA;B. DOS CASA;null;1;Loteamento Irregular;1989;2010;MURE / ARA 1;Nada consta;RegularizaÁ„o Fundi·ria;526;AÁıes em andamento;SIM ;COLINA;
JARDIM NOSSO LAR;BAIXA;B.DOS ALVARENGA;null;1;Loteamento Irregular;1992;1993;MURE / ARA 1;Nada consta;Sem previs„o de atendimento neste PPA;154;AÁıes em andamento;SIM ;MARGEM DE CORREGO;
JARDIM ANCHIETA;NENHUMA;B. ASSUN√ø√øO;null;1;Favela Urbanizada;1987;2000;MUC / ZUD 1;Nada consta;RegularizaÁ„o Fundi·ria;211;REGULARIZADO;NAO ;MORRO BAIXO;
ASSOCIACAO CONSTR. POPULAR MOTORISTAS MUNICIPAIS;MUITO BAIXA;B. RUDGE RAMOS;null;5;Loteamento Irregular;1983;1987;MUC / ZUD 1;Nada consta;RegularizaÁ„o Fundi·ria;146;AÁıes em andamento;NAO ;PLAN√ø¬çCIE ALUVIAL;
JD. LAS PALMAS;M…DIA;B. DOS ALVARENGA;1533;2;Loteamento Irregular;null;1995;MMS / ARA 1;ACP 2119/99;Sem previs„o de atendimento neste PPA;null;Sem previs„o de atendimento neste PPA;SIM ;PLANICIE ALUVIAL;
ASSOCIACAO HABITACIONAL COMUNITARIA DO ABC;BAIXA;B. BATISTINI;5;5;Loteamento Irregular;null;1970;MMS / ARA 1;Nada consta;Sem previs„o de atendimento neste PPA;null;Sem previs„o de atendimento neste PPA;SIM ;MORRO ALTO;
VILA GALILEIA / VILA ROSA;ALTA;B. INDEPEND√øNCIA;262;6;Favela Urbanizada;null;1985;MUC / ZUD 1;Nada consta;Sem previs„o de atendimento neste PPA;null;Sem previs„o de atendimento neste PPA;NAO ;MARGEM DE CORREGO/ FUNDO DE VALE;
JARDIM INDUSTRIAL (GLEBAS 1/2);M…DIA;B. BAETA NEVES;185;2;Favela;1990;1990;MUC / ZUD 1;Nada consta;Sem previs„o de atendimento neste PPA;null;Sem previs„o de atendimento neste PPA;NAO ;MORRO BAIXO;
GOLDEN PARK;BAIXA;B. MONTANH√øO;null;5;Loteamento Irregular;1996;1991;MUC / ZUD 1;Nada consta;RegularizaÁ„o Fundi·ria /  ReduÁ„o de Risco e AÁıes Emergenciais;1248;AÁıes em andamento;NAO ;MORO BAIXO;
VILA TUPA;BAIXA;B. RIACHO GRANDE;null;5;Favela Urbanizada;null;1987;MMS / ARA 1;Nada consta;RegularizaÁ„o Fundi·ria;74;AÁıes em andamento;SIM ;MORRO BAIXO;
JARDIM DAS OLIVEIRAS II;M…DIA;B. DOS ALVARENGA;166;2;Loteamento Irregular;1992;1991;MURE / ARA 1;ACP 964/93;Sem previs„o de atendimento neste PPA;null;Sem previs„o de atendimento neste PPA;SIM ;MORRO BAIXO;
PARCELAMENTO IMOBILIARIA CALEGARI;BAIXA;B. BATISTINI;41;5;Loteamento Irregular;1993;1950;MMS / ARA 1;Nada consta;Sem previs„o de atendimento neste PPA;null;Sem previs„o de atendimento neste PPA;SIM ;MORRO ALTO;
JARDIM LOS ANGELES;BAIXA;B. BATISTINI;null;1;Loteamento Irregular;1959;1990;MMS / ARA 1;Nada consta;Sem previs„o de atendimento neste PPA;472;AÁıes em andamento;SIM ;COLINA;
VILA FERREIRA;ALTA;B. ALVES DIAS;null;6;Favela Urbanizada;1986;1970;MUC / ZUD 1;Nada consta;Sem previs„o de atendimento neste PPA;479;AÁıes em andamento;NAO ;COLINA;
ILHA LUIS PEQUINI/ SARACANTAN;MUITO ALTA;B. MONTANH√øO;null;4;Favela;null;1993;MUC / ZUD 1;Nada consta;ProduÁ„o Habitacional para apoio a reassentamentos;56;AÁıes em andamento;NAO ;PLANICIE ALUVIAL;
VILA PRAIA GRANDE II;BAIXA;B. DOS FINCO;172;5;Loteamento Irregular;1980;null;MMS / ARA 1;Nada consta;Sem previs„o de atendimento neste PPA;null;Sem previs„o de atendimento neste PPA;SIM ;MORRO ALTO;
RUA DAS FLORES ;ALTA;B. BATISTINI;268;6;Favela Urbanizada;null;1980;MURE / ARA 1;Nada consta;UrbanizaÁ„o e RegularizaÁ„o de Assentamentos Prec·rios;416;AÁıes em andamento;SIM ;COLINA;
CONDOMINIO NOVA ASSUNCAO;BAIXA;B. COOPERATIVA;48;5;Loteamento Irregular;1997;1998;MUC / ZUD 1;Nada consta;Sem previs„o de atendimento neste PPA;null;Sem previs„o de atendimento neste PPA;NAO ;MORRO BAIXO;
VILA CANARINHO;ALTA;B. MONTANH√øO;null;6;Favela Urbanizada;1980;1984;MUC / ZUD 1;Nada consta;UrbanizaÁ„o e RegularizaÁ„o de Assentamentos Prec·rios;78;AÁıes em andamento;NAO ;MARGEM DE CORREGO;
PARQUE ESMERALDA;ALTA;B. DOS ALVARENGA;null;6;Favela;1978;1965;MURE / ARA 1;Nada consta;UrbanizaÁ„o e RegularizaÁ„o de Assentamentos Prec·rios;266;AÁıes em andamento (Projeto executivo em elaboraÁ„o);SIM ;MARGEM DE C√øRREGO, FUNDO DE VALE E COLINA;
JARDIM DAS OLIVEIRAS  ;BAIXA;B. DOS CASA;null;1;Loteamento Irregular;1985;1995;MURE / ARA 1;Nada consta;Sem previs„o de atendimento neste PPA;325;AÁıes em andamento;SIM ;COLINA;
DER I ;ALTA;B. CENTRO;null;6;Favela Parcialmente Urbanizada;null;1950;MUC / ZUD 1;TAC;UrbanizaÁ„o e RegularizaÁ„o de Assentamentos Prec·rios;1670;AÁıes em andamento;NAO ;MORRO BAIXO;
RUA ITA;NENHUMA;B. BAETA NEVES;null;1;Loteamento Irregular;null;null;MUC / ZUD 1;Nada consta;RegularizaÁ„o Fundi·ria;40;REGULARIZADO;NAO ;MARGEM DE CORREGO/ MORROTE;
BOTUJURU;NENHUMA;B. BOTUJURU;null;1;Loteamento Irregular;1990;1992;MUC / ZUD 1;Nada consta;RegularizaÁ„o Fundi·ria;683;REGULARIZADO;NAO ;MORRO BAIXO;
NOVO PARQUE/SARACANTAN;ALTA;B. MONTANH√øO;null;6;Favela Urbanizada;1980;1972;MUC / ZUD 1;Nada consta;UrbanizaÁ„o e RegularizaÁ„o de Assentamentos Prec·rios;694;AÁıes em andamento;NAO ;PLANICIE ALUVIAL;
JARDIM NOSSO TETO;ALTA;B. DOS ALVARENGA;109;6;Loteamento Irregular;1994;1994;MMS / ARA 1;Nada consta;Sem previs„o de atendimento neste PPA;null;Sem previs„o de atendimento neste PPA;SIM ;COLINA;
JARDIM BELAS ARTES;BAIXA;B. COOPERATIVA;null;1;Loteamento Irregular;1998;2001;MUC / ZUD 1;Nada consta;RegularizaÁ„o Fundi·ria;144;AÁıes em andamento;NAO ;FUNDO DE VALE/ COLINA;
JURUBEBA;ALTA;B. RIACHO GRANDE;203;6;Favela;null;1980;MMS / ARA 1;Nada consta;ReduÁ„o de Risco e AÁıes Emergenciais;null;Sem previs„o de atendimento neste PPA;SIM ;MORRO BAIXO;
JARDIM SENHOR DO BONFIM;BAIXA;B. COOPERATIVA;null;1;Loteamento Irregular;1991;1991;MURE / ARA 1;ACP 1918/05;Sem previs„o de atendimento neste PPA;300;AÁıes em andamento;SIM ;COLINA;
ROBERTAO (VILA MORAES);MUITO ALTA;B. DOS ALVARENGA;307;4;Favela;null;null;MMS / ARA 1;Nada consta;Sem previs„o de atendimento neste PPA;null;AÁıes em andamento;SIM ;COLINA;
PARQUE BANDEIRANTES;BAIXA;B. DOS ALVARENGA;null;5;Loteamento Irregular;1986;1992;MMS / ARA 1;Nada consta;ReduÁ„o de Risco e AÁıes Emergenciais;271;Sem previs„o de atendimento neste PPA;SIM ;MARGEM DE CORREGO;
PORTO NOVO;BAIXA;B. DOS ALVARENGA;36;5;Loteamento Irregular;1970;1967;MMS / ARA 1;Nada consta;Sem previs„o de atendimento neste PPA;null;Sem previs„o de atendimento neste PPA;SIM ;PLANICIE ALUVIAL;
VILA UNIAO;BAIXA;B. DOS ALVARENGA;276;5;Loteamento Irregular;1985;1985;MMS / ARA 1;Nada consta;Sem previs„o de atendimento neste PPA;null;Sem previs„o de atendimento neste PPA;SIM ;MORROTE;
JARDIM AMERICA DO SUL;BAIXA;B. DOS ALVARENGA;301;5;Loteamento Irregular;null;1991;MMS / ARA 1;Nada consta;Sem previs„o de atendimento neste PPA;null;Sem previs„o de atendimento neste PPA;SIM ;COLINA;
RUA HOLANDA CAVALCANTI;ALTA;B. FERRAZOPOLIS;321;6;Favela;null;1980;MUC / ZUD 1;Nada consta;Sem previs„o de atendimento neste PPA;null;Sem previs„o de atendimento neste PPA;NAO ;MORRO ALTO;
JARDIM CANTAREIRA;M…DIA;B.DOS ALVARENGA;1110;2;Loteamento Irregular;1985;1990;MURE / ARA 1;ACP 1978/08;ReduÁ„o de Risco e AÁıes Emergenciais;null;PMRR: Recursos Contratados;SIM ;MORRO ALTO/ MARGEM DE CORREGO;
JARDIM SAO JORGE;BAIXA;B.DOS ALVARENGA;1776;5;Loteamento Irregular;1987;1989;MURE / ARA 1;ACP 1512/95;ReduÁ„o de Risco e AÁıes Emergenciais;null;Sem previs„o de atendimento neste PPA;SIM ;MORRO ALTO/ MARGEM DE CORREGO;
JARDIM DAS ORQUIDEAS;BAIXA;B. DOS ALVARENGA;2766;5;Loteamento Irregular;1979;1979;MMS / ARA 1;ACP 1864/95;Sem previs„o de atendimento neste PPA;null;Sem previs„o de atendimento neste PPA;SIM ;COLINA;
JARDIM MONTE SIAO/ ALVARENGA;BAIXA;B.DOS ALVARENGA;null;1;Loteamento Irregular;1993;1988;MURE / ARA 1;ACP 2363/01;Sem previs„o de atendimento neste PPA;130;AÁıes em andamento;SIM ;MORROTE/ MARGEM DE CORREGO;
JARDIM IPANEMA;BAIXA;B. DOS ALVARENGA;null;1;Loteamento Irregular;1987;1990;MURE / ARA 1;ACP 538/01;RegularizaÁ„o Fundi·ria;1333;AÁıes em andamento;SIM ;COLINA;
VILA DAS VALSAS;NENHUMA;B. BOTUJURU;null;1;Loteamento Irregular;1988;1988;MUC / ZUD 1;Nada consta;RegularizaÁ„o Fundi·ria;328;REGULARIZADO;NAO ;MORRO BAIXO;
JARDIM INDUSTRIAL II;NENHUMA;B. MONTANH√øO;140;1;Favela;null;null;MUC / ZUD 1;Nada consta;Sem previs„o de atendimento neste PPA;null;REGULARIZADO;NAO ;MORRO BAIXO;
JARDIM LAGO AZUL;BAIXA;B. DOS FINCO;null;1;Loteamento Irregular;1967;1980;MMS / ARA 1;Nada consta;Sem previs„o de atendimento neste PPA;448;AÁıes em andamento;SIM ;MORRO BAIXO;
PARQUE DAS GARCAS;ALTA;B. DOS ALVARENGA;766;6;Loteamento Irregular;1985;1988;MMS / ARA 1;ACP 1127/93;Sem previs„o de atendimento neste PPA;null;Sem previs„o de atendimento neste PPA;SIM ;MORRO ALTO/ MARGEM DE CORREGO;
CHACARA UNIAO (ACJ LAS PALMAS);BAIXA;B. DOS ALVARENGA;34;6;Loteamento Irregular;1992;1996;MMS / ARA 1;Nada consta;Sem previs„o de atendimento neste PPA;null;Sem previs„o de atendimento neste PPA;SIM ;COLINA;
CENTRO SOC. DOS CABOS E SOLDADOS DA POL. MIL. DO EST. DE SP.;NENHUMA;B. RIO GRANDE;42;1;Loteamento Irregular;null;1995;MMS / ARA 1;Nada consta;Sem previs„o de atendimento neste PPA;null;REGULARIZADO;SIM ;MORRO BAIXO;
JARDIM LAURA II/ LOTEAMENTO;ALTA;B. DOS ALVARENGA;364;6;Loteamento Irregular;1985;1997;MMS / ARA 1;ACP 1824/05;Sem previs„o de atendimento neste PPA;null;AÁıes em andamento;SIM ;MORRO ALTO;
RECANTO DA AMIZADE;BAIXA;B. DOS ALVARENGA;null;1;Loteamento Irregular;1993;1967;MMS / ARA 1;Nada consta;Sem previs„o de atendimento neste PPA;100;AÁıes em andamento;SIM ;MORRO BAIXO;
ALTO DA BELA VISTA;MUITO ALTA;B. MONTANH√øO;null;6;Favela;null;1968;MUC / ZUD 1;Nada consta;UrbanizaÁ„o e RegularizaÁ„o de Assentamentos Prec·rios;521;AÁıes em andamento;NAO ;null;
ALVARENGA PEIXOTO;MUITO ALTA;B. DOS CASA;null;8;Favela;1988;1988;MURE / ARA 1;Nada consta;UrbanizaÁ„o e RegularizaÁ„o de Assentamentos Prec·rios;270;AÁıes em andamento;SIM ;null;
JORDANOPOLIS (BRASCOLA);ALTA;B. JORDANOPOLIS;22;6;Favela;null;1991;MUC / ZUD 1;Nada consta;Sem previs„o de atendimento neste PPA;null;Sem previs„o de atendimento neste PPA;NAO ;MARGEM DE CORREGO;
RUA DO PEREQUE;M…DIA;B. CAPIVARI;42;9;Favela;null;null;MMS / ARA 1;Nada consta;Sem previs„o de atendimento neste PPA;null;Sem previs„o de atendimento neste PPA;SIM ;COLINA;
DIVINEIA-PANTANAL;MUITO ALTA;B. DOS CASA;null;6;Favela;null;1990;MURE / ARA 1;Nada consta;UrbanizaÁ„o e RegularizaÁ„o de Assentamentos Prec·rios;762;AÁıes em andamento;SIM ;null;
JARDIM COLINA;MUITO BAIXA;B. MONTANH√ø¬øO;null;3;Conjunto Habitacional Irregular;null;null;MUC / ZUD 1;Nada consta;UrbanizaÁ„o e RegularizaÁ„o de Assentamentos Prec·rios;212;AÁıes em andamento;NAO ;null;
